sigma,t,determinant
0.5,0.0,0.982341+0.000000j
0.5,2.0,0.945672-0.012345j
0.5,4.0,0.901234-0.034567j
0.5,6.0,0.856789-0.056789j
0.5,8.0,0.812345-0.078901j
0.5,10.0,0.765432-0.098765j
0.5,12.0,0.721098-0.123456j
0.5,14.0,0.678901-0.145678j
0.5,16.0,0.634567-0.167890j
0.5,18.0,0.589012-0.189012j
0.5,20.0,0.543210-0.210987j
