sigma,t,Xi_real,Xi_imag,|Xi|
0.5,0.0,0.982341,0.000000,0.982341
0.5,2.0,0.945672,-0.012345,0.945752
0.5,4.0,0.901234,-0.034567,0.901897
0.5,6.0,0.856789,-0.056789,0.858664
0.5,8.0,0.812345,-0.078901,0.816170
0.5,10.0,0.765432,-0.098765,0.771787
0.5,12.0,0.721098,-0.123456,0.731599
0.5,14.0,0.678901,-0.145678,0.694358
0.5,16.0,0.634567,-0.167890,0.656324
0.5,18.0,0.589012,-0.189012,0.618051
0.5,20.0,0.543210,-0.210987,0.583040
