sigma,t,spectral_radius
0.5,0.0,0.873421
0.5,2.0,0.892134
0.5,4.0,0.915678
0.5,6.0,0.934210
0.5,8.0,0.956732
0.5,10.0,0.972345
0.5,12.0,0.981234
0.5,14.0,0.989876
0.5,16.0,0.993210
0.5,18.0,0.996543
0.5,20.0,0.998765
